,,17.0,,,,,,,,64.0,,,,,,,,,,,,,,,,,,,,,,,,,,,,,,,,
,,6.0,,,,,,,,128.0,,,,,,,,,,,,,,,,,,,,,,,,,,,,,,,,
,,6.0,,,,,,,,57.0,,,,,,,,,,,,,,,,,,,,,,,,,,,,,,,,
,,6.0,,,,,,,,52.0,,,,,,,,,,,,,,,,,,,,,,,,,,,,,,,,
,,6.0,,,,,,,,128.0,,,,,,,,,,,,,,,,,,,,,,,,,,,,,,,,
,,6.0,,,,,,,,52.0,,,,,,,,,,,,,,,,,,,,,,,,,,,,,,,,
,,6.0,,,,,,,,128.0,,,,,,,,,,,,,,,,,,,,,,,,,,,,,,,,
,,17.0,,,,,,,,1.0,,,,,,,,,,,,,,,,,,,,,,,,,,,,,,,,
,,6.0,,,,,,,,240.0,,,,,,,,,,,,,,,,,,,,,,,,,,,,,,,,
,,6.0,,,,,,,,128.0,,,,,,,,,,,,,,,,,,,,,,,,,,,,,,,,
,,17.0,,,,,,,,128.0,,,,,,,,,,,,,,,,,,,,,,,,,,,,,,,,
,,17.0,,,,,,,,128.0,,,,,,,,,,,,,,,,,,,,,,,,,,,,,,,,
,,17.0,,,,,,,,1.0,,,,,,,,,,,,,,,,,,,,,,,,,,,,,,,,
,,17.0,,,,,,,,57.0,,,,,,,,,,,,,,,,,,,,,,,,,,,,,,,,
,,17.0,,,,,,,,128.0,,,,,,,,,,,,,,,,,,,,,,,,,,,,,,,,
,,17.0,,,,,,,,1.0,,,,,,,,,,,,,,,,,,,,,,,,,,,,,,,,
,,17.0,,,,,,,,64.0,,,,,,,,,,,,,,,,,,,,,,,,,,,,,,,,
,,17.0,,,,,,,,64.0,,,,,,,,,,,,,,,,,,,,,,,,,,,,,,,,
,,17.0,,,,,,,,64.0,,,,,,,,,,,,,,,,,,,,,,,,,,,,,,,,
,,17.0,,,,,,,,64.0,,,,,,,,,,,,,,,,,,,,,,,,,,,,,,,,
,,17.0,,,,,,,,64.0,,,,,,,,,,,,,,,,,,,,,,,,,,,,,,,,
,,6.0,,,,,,,,55.0,,,,,,,,,,,,,,,,,,,,,,,,,,,,,,,,
,,6.0,,,,,,,,128.0,,,,,,,,,,,,,,,,,,,,,,,,,,,,,,,,
,,6.0,,,,,,,,55.0,,,,,,,,,,,,,,,,,,,,,,,,,,,,,,,,
,,6.0,,,,,,,,49.0,,,,,,,,,,,,,,,,,,,,,,,,,,,,,,,,
,,6.0,,,,,,,,128.0,,,,,,,,,,,,,,,,,,,,,,,,,,,,,,,,
,,17.0,,,,,,,,64.0,,,,,,,,,,,,,,,,,,,,,,,,,,,,,,,,
,,6.0,,,,,,,,128.0,,,,,,,,,,,,,,,,,,,,,,,,,,,,,,,,
,,6.0,,,,,,,,55.0,,,,,,,,,,,,,,,,,,,,,,,,,,,,,,,,
,,17.0,,,,,,,,64.0,,,,,,,,,,,,,,,,,,,,,,,,,,,,,,,,
,,17.0,,,,,,,,64.0,,,,,,,,,,,,,,,,,,,,,,,,,,,,,,,,
,,6.0,,,,,,,,55.0,,,,,,,,,,,,,,,,,,,,,,,,,,,,,,,,
,,6.0,,,,,,,,55.0,,,,,,,,,,,,,,,,,,,,,,,,,,,,,,,,
,,6.0,,,,,,,,128.0,,,,,,,,,,,,,,,,,,,,,,,,,,,,,,,,
,,6.0,,,,,,,,128.0,,,,,,,,,,,,,,,,,,,,,,,,,,,,,,,,
,,6.0,,,,,,,,55.0,,,,,,,,,,,,,,,,,,,,,,,,,,,,,,,,
,,17.0,,,,,,,,64.0,,,,,,,,,,,,,,,,,,,,,,,,,,,,,,,,
,,17.0,,,,,,,,64.0,,,,,,,,,,,,,,,,,,,,,,,,,,,,,,,,
,,6.0,,,,,,,,247.0,,,,,,,,,,,,,,,,,,,,,,,,,,,,,,,,
,,6.0,,,,,,,,128.0,,,,,,,,,,,,,,,,,,,,,,,,,,,,,,,,
,,17.0,,,,,,,,64.0,,,,,,,,,,,,,,,,,,,,,,,,,,,,,,,,
,,6.0,,,,,,,,128.0,,,,,,,,,,,,,,,,,,,,,,,,,,,,,,,,
,,6.0,,,,,,,,247.0,,,,,,,,,,,,,,,,,,,,,,,,,,,,,,,,
,,6.0,,,,,,,,115.0,,,,,,,,,,,,,,,,,,,,,,,,,,,,,,,,
,,6.0,,,,,,,,115.0,,,,,,,,,,,,,,,,,,,,,,,,,,,,,,,,
,,6.0,,,,,,,,128.0,,,,,,,,,,,,,,,,,,,,,,,,,,,,,,,,
,,6.0,,,,,,,,115.0,,,,,,,,,,,,,,,,,,,,,,,,,,,,,,,,
,,6.0,,,,,,,,115.0,,,,,,,,,,,,,,,,,,,,,,,,,,,,,,,,
,,6.0,,,,,,,,115.0,,,,,,,,,,,,,,,,,,,,,,,,,,,,,,,,
,,6.0,,,,,,,,128.0,,,,,,,,,,,,,,,,,,,,,,,,,,,,,,,,
,,6.0,,,,,,,,115.0,,,,,,,,,,,,,,,,,,,,,,,,,,,,,,,,
,,6.0,,,,,,,,115.0,,,,,,,,,,,,,,,,,,,,,,,,,,,,,,,,
,,6.0,,,,,,,,128.0,,,,,,,,,,,,,,,,,,,,,,,,,,,,,,,,
,,6.0,,,,,,,,115.0,,,,,,,,,,,,,,,,,,,,,,,,,,,,,,,,
,,6.0,,,,,,,,115.0,,,,,,,,,,,,,,,,,,,,,,,,,,,,,,,,
,,6.0,,,,,,,,115.0,,,,,,,,,,,,,,,,,,,,,,,,,,,,,,,,
,,6.0,,,,,,,,115.0,,,,,,,,,,,,,,,,,,,,,,,,,,,,,,,,
,,6.0,,,,,,,,115.0,,,,,,,,,,,,,,,,,,,,,,,,,,,,,,,,
,,6.0,,,,,,,,128.0,,,,,,,,,,,,,,,,,,,,,,,,,,,,,,,,
,,6.0,,,,,,,,115.0,,,,,,,,,,,,,,,,,,,,,,,,,,,,,,,,
,,6.0,,,,,,,,128.0,,,,,,,,,,,,,,,,,,,,,,,,,,,,,,,,
,,6.0,,,,,,,,128.0,,,,,,,,,,,,,,,,,,,,,,,,,,,,,,,,
,,6.0,,,,,,,,128.0,,,,,,,,,,,,,,,,,,,,,,,,,,,,,,,,
,,6.0,,,,,,,,247.0,,,,,,,,,,,,,,,,,,,,,,,,,,,,,,,,
,,6.0,,,,,,,,247.0,,,,,,,,,,,,,,,,,,,,,,,,,,,,,,,,
,,17.0,,,,,,,,1.0,,,,,,,,,,,,,,,,,,,,,,,,,,,,,,,,
,,,,,,,,,,,,,,,,,,,,,,,,,,,,,,,,,,,,,,,,,,
,,,,,,,,,,,,,,,,,,,,,,,,,,,,,,,,,,,,,,,,,,
,,6.0,,,,,,,,128.0,,,,,,,,,,,,,,,,,,,,,,,,,,,,,,,,
,,6.0,,,,,,,,112.0,,,,,,,,,,,,,,,,,,,,,,,,,,,,,,,,
,,,,,,,,,,,,,,,,,,,,,,,,,,,,,,,,,,,,,,,,,,
,,6.0,,,,,,,,128.0,,,,,,,,,,,,,,,,,,,,,,,,,,,,,,,,
,,17.0,,,,,,,,64.0,,,,,,,,,,,,,,,,,,,,,,,,,,,,,,,,
,,6.0,,,,,,,,55.0,,,,,,,,,,,,,,,,,,,,,,,,,,,,,,,,
,,6.0,,,,,,,,128.0,,,,,,,,,,,,,,,,,,,,,,,,,,,,,,,,
,,6.0,,,,,,,,55.0,,,,,,,,,,,,,,,,,,,,,,,,,,,,,,,,
,,6.0,,,,,,,,55.0,,,,,,,,,,,,,,,,,,,,,,,,,,,,,,,,
,,6.0,,,,,,,,128.0,,,,,,,,,,,,,,,,,,,,,,,,,,,,,,,,
,,6.0,,,,,,,,55.0,,,,,,,,,,,,,,,,,,,,,,,,,,,,,,,,
,,17.0,,,,,,,,64.0,,,,,,,,,,,,,,,,,,,,,,,,,,,,,,,,
,,6.0,,,,,,,,128.0,,,,,,,,,,,,,,,,,,,,,,,,,,,,,,,,
,,6.0,,,,,,,,55.0,,,,,,,,,,,,,,,,,,,,,,,,,,,,,,,,
,,17.0,,,,,,,,128.0,,,,,,,,,,,,,,,,,,,,,,,,,,,,,,,,
,,6.0,,,,,,,,55.0,,,,,,,,,,,,,,,,,,,,,,,,,,,,,,,,
,,6.0,,,,,,,,128.0,,,,,,,,,,,,,,,,,,,,,,,,,,,,,,,,
,,6.0,,,,,,,,55.0,,,,,,,,,,,,,,,,,,,,,,,,,,,,,,,,
,,17.0,,,,,,,,128.0,,,,,,,,,,,,,,,,,,,,,,,,,,,,,,,,
,,17.0,,,,,,,,128.0,,,,,,,,,,,,,,,,,,,,,,,,,,,,,,,,
,,17.0,,,,,,,,128.0,,,,,,,,,,,,,,,,,,,,,,,,,,,,,,,,
,,6.0,,,,,,,,128.0,,,,,,,,,,,,,,,,,,,,,,,,,,,,,,,,
,,6.0,,,,,,,,55.0,,,,,,,,,,,,,,,,,,,,,,,,,,,,,,,,
,,17.0,,,,,,,,56.0,,,,,,,,,,,,,,,,,,,,,,,,,,,,,,,,
,,17.0,,,,,,,,56.0,,,,,,,,,,,,,,,,,,,,,,,,,,,,,,,,
,,6.0,,,,,,,,55.0,,,,,,,,,,,,,,,,,,,,,,,,,,,,,,,,
,,6.0,,,,,,,,55.0,,,,,,,,,,,,,,,,,,,,,,,,,,,,,,,,
,,6.0,,,,,,,,128.0,,,,,,,,,,,,,,,,,,,,,,,,,,,,,,,,
,,6.0,,,,,,,,55.0,,,,,,,,,,,,,,,,,,,,,,,,,,,,,,,,
,,6.0,,,,,,,,128.0,,,,,,,,,,,,,,,,,,,,,,,,,,,,,,,,
,,17.0,,,,,,,,1.0,,,,,,,,,,,,,,,,,,,,,,,,,,,,,,,,
,,6.0,,,,,,,,55.0,,,,,,,,,,,,,,,,,,,,,,,,,,,,,,,,
,,2.0,,,,,,,,1.0,,,,,,,,,,,,,,,,,,,,,,,,,,,,,,,,
,,,,,,,,,,,,,,,,,,,,,,,,,,,,,,,,,,,,,,,,,,
,,2.0,,,,,,,,1.0,,,,,,,,,,,,,,,,,,,,,,,,,,,,,,,,
,,6.0,,,,,,,,128.0,,,,,,,,,,,,,,,,,,,,,,,,,,,,,,,,
,,6.0,,,,,,,,128.0,,,,,,,,,,,,,,,,,,,,,,,,,,,,,,,,
,,17.0,,,,,,,,128.0,,,,,,,,,,,,,,,,,,,,,,,,,,,,,,,,
,,17.0,,,,,,,,56.0,,,,,,,,,,,,,,,,,,,,,,,,,,,,,,,,
,,6.0,,,,,,,,128.0,,,,,,,,,,,,,,,,,,,,,,,,,,,,,,,,
,,2.0,,,,,,,,1.0,,,,,,,,,,,,,,,,,,,,,,,,,,,,,,,,
,,2.0,,,,,,,,1.0,,,,,,,,,,,,,,,,,,,,,,,,,,,,,,,,
,,2.0,,,,,,,,1.0,,,,,,,,,,,,,,,,,,,,,,,,,,,,,,,,
,,2.0,,,,,,,,1.0,,,,,,,,,,,,,,,,,,,,,,,,,,,,,,,,
,,6.0,,,,,,,,108.0,,,,,,,,,,,,,,,,,,,,,,,,,,,,,,,,
,,6.0,,,,,,,,128.0,,,,,,,,,,,,,,,,,,,,,,,,,,,,,,,,
,,6.0,,,,,,,,128.0,,,,,,,,,,,,,,,,,,,,,,,,,,,,,,,,
,,6.0,,,,,,,,113.0,,,,,,,,,,,,,,,,,,,,,,,,,,,,,,,,
,,6.0,,,,,,,,113.0,,,,,,,,,,,,,,,,,,,,,,,,,,,,,,,,
,,6.0,,,,,,,,128.0,,,,,,,,,,,,,,,,,,,,,,,,,,,,,,,,
,,6.0,,,,,,,,108.0,,,,,,,,,,,,,,,,,,,,,,,,,,,,,,,,
,,6.0,,,,,,,,128.0,,,,,,,,,,,,,,,,,,,,,,,,,,,,,,,,
,,6.0,,,,,,,,41.0,,,,,,,,,,,,,,,,,,,,,,,,,,,,,,,,
,,6.0,,,,,,,,128.0,,,,,,,,,,,,,,,,,,,,,,,,,,,,,,,,
,,17.0,,,,,,,,57.0,,,,,,,,,,,,,,,,,,,,,,,,,,,,,,,,
,,17.0,,,,,,,,57.0,,,,,,,,,,,,,,,,,,,,,,,,,,,,,,,,
,,17.0,,,,,,,,128.0,,,,,,,,,,,,,,,,,,,,,,,,,,,,,,,,
,,17.0,,,,,,,,128.0,,,,,,,,,,,,,,,,,,,,,,,,,,,,,,,,
,,17.0,,,,,,,,128.0,,,,,,,,,,,,,,,,,,,,,,,,,,,,,,,,
,,17.0,,,,,,,,55.0,,,,,,,,,,,,,,,,,,,,,,,,,,,,,,,,
,,17.0,,,,,,,,55.0,,,,,,,,,,,,,,,,,,,,,,,,,,,,,,,,
,,17.0,,,,,,,,128.0,,,,,,,,,,,,,,,,,,,,,,,,,,,,,,,,
,,17.0,,,,,,,,128.0,,,,,,,,,,,,,,,,,,,,,,,,,,,,,,,,
,,17.0,,,,,,,,128.0,,,,,,,,,,,,,,,,,,,,,,,,,,,,,,,,
,,17.0,,,,,,,,128.0,,,,,,,,,,,,,,,,,,,,,,,,,,,,,,,,
,,17.0,,,,,,,,57.0,,,,,,,,,,,,,,,,,,,,,,,,,,,,,,,,
,,6.0,,,,,,,,108.0,,,,,,,,,,,,,,,,,,,,,,,,,,,,,,,,
,,17.0,,,,,,,,128.0,,,,,,,,,,,,,,,,,,,,,,,,,,,,,,,,
,,17.0,,,,,,,,57.0,,,,,,,,,,,,,,,,,,,,,,,,,,,,,,,,
,,17.0,,,,,,,,128.0,,,,,,,,,,,,,,,,,,,,,,,,,,,,,,,,
,,6.0,,,,,,,,113.0,,,,,,,,,,,,,,,,,,,,,,,,,,,,,,,,
,,17.0,,,,,,,,57.0,,,,,,,,,,,,,,,,,,,,,,,,,,,,,,,,
,,17.0,,,,,,,,57.0,,,,,,,,,,,,,,,,,,,,,,,,,,,,,,,,
,,17.0,,,,,,,,57.0,,,,,,,,,,,,,,,,,,,,,,,,,,,,,,,,
,,17.0,,,,,,,,57.0,,,,,,,,,,,,,,,,,,,,,,,,,,,,,,,,
,,17.0,,,,,,,,57.0,,,,,,,,,,,,,,,,,,,,,,,,,,,,,,,,
,,17.0,,,,,,,,128.0,,,,,,,,,,,,,,,,,,,,,,,,,,,,,,,,
,,17.0,,,,,,,,128.0,,,,,,,,,,,,,,,,,,,,,,,,,,,,,,,,
,,17.0,,,,,,,,57.0,,,,,,,,,,,,,,,,,,,,,,,,,,,,,,,,
,,17.0,,,,,,,,57.0,,,,,,,,,,,,,,,,,,,,,,,,,,,,,,,,
,,17.0,,,,,,,,128.0,,,,,,,,,,,,,,,,,,,,,,,,,,,,,,,,
,,17.0,,,,,,,,128.0,,,,,,,,,,,,,,,,,,,,,,,,,,,,,,,,
,,6.0,,,,,,,,108.0,,,,,,,,,,,,,,,,,,,,,,,,,,,,,,,,
,,6.0,,,,,,,,108.0,,,,,,,,,,,,,,,,,,,,,,,,,,,,,,,,
,,6.0,,,,,,,,128.0,,,,,,,,,,,,,,,,,,,,,,,,,,,,,,,,
,,6.0,,,,,,,,108.0,,,,,,,,,,,,,,,,,,,,,,,,,,,,,,,,
,,6.0,,,,,,,,108.0,,,,,,,,,,,,,,,,,,,,,,,,,,,,,,,,
,,6.0,,,,,,,,128.0,,,,,,,,,,,,,,,,,,,,,,,,,,,,,,,,
,,6.0,,,,,,,,128.0,,,,,,,,,,,,,,,,,,,,,,,,,,,,,,,,
,,6.0,,,,,,,,108.0,,,,,,,,,,,,,,,,,,,,,,,,,,,,,,,,
,,6.0,,,,,,,,108.0,,,,,,,,,,,,,,,,,,,,,,,,,,,,,,,,
,,6.0,,,,,,,,108.0,,,,,,,,,,,,,,,,,,,,,,,,,,,,,,,,
,,17.0,,,,,,,,57.0,,,,,,,,,,,,,,,,,,,,,,,,,,,,,,,,
,,17.0,,,,,,,,57.0,,,,,,,,,,,,,,,,,,,,,,,,,,,,,,,,
,,17.0,,,,,,,,128.0,,,,,,,,,,,,,,,,,,,,,,,,,,,,,,,,
,,17.0,,,,,,,,57.0,,,,,,,,,,,,,,,,,,,,,,,,,,,,,,,,
,,17.0,,,,,,,,128.0,,,,,,,,,,,,,,,,,,,,,,,,,,,,,,,,
,,17.0,,,,,,,,57.0,,,,,,,,,,,,,,,,,,,,,,,,,,,,,,,,
,,17.0,,,,,,,,128.0,,,,,,,,,,,,,,,,,,,,,,,,,,,,,,,,
,,17.0,,,,,,,,128.0,,,,,,,,,,,,,,,,,,,,,,,,,,,,,,,,
,,6.0,,,,,,,,128.0,,,,,,,,,,,,,,,,,,,,,,,,,,,,,,,,
,,17.0,,,,,,,,64.0,,,,,,,,,,,,,,,,,,,,,,,,,,,,,,,,
,,6.0,,,,,,,,128.0,,,,,,,,,,,,,,,,,,,,,,,,,,,,,,,,
,,17.0,,,,,,,,64.0,,,,,,,,,,,,,,,,,,,,,,,,,,,,,,,,
,,17.0,,,,,,,,57.0,,,,,,,,,,,,,,,,,,,,,,,,,,,,,,,,
,,17.0,,,,,,,,128.0,,,,,,,,,,,,,,,,,,,,,,,,,,,,,,,,
,,17.0,,,,,,,,57.0,,,,,,,,,,,,,,,,,,,,,,,,,,,,,,,,
,,6.0,,,,,,,,108.0,,,,,,,,,,,,,,,,,,,,,,,,,,,,,,,,
,,6.0,,,,,,,,128.0,,,,,,,,,,,,,,,,,,,,,,,,,,,,,,,,
,,6.0,,,,,,,,128.0,,,,,,,,,,,,,,,,,,,,,,,,,,,,,,,,
,,6.0,,,,,,,,128.0,,,,,,,,,,,,,,,,,,,,,,,,,,,,,,,,
,,17.0,,,,,,,,64.0,,,,,,,,,,,,,,,,,,,,,,,,,,,,,,,,
,,6.0,,,,,,,,108.0,,,,,,,,,,,,,,,,,,,,,,,,,,,,,,,,
,,6.0,,,,,,,,112.0,,,,,,,,,,,,,,,,,,,,,,,,,,,,,,,,
,,2.0,,,,,,,,1.0,,,,,,,,,,,,,,,,,,,,,,,,,,,,,,,,
,,17.0,,,,,,,,1.0,,,,,,,,,,,,,,,,,,,,,,,,,,,,,,,,
,,6.0,,,,,,,,128.0,,,,,,,,,,,,,,,,,,,,,,,,,,,,,,,,
,,6.0,,,,,,,,128.0,,,,,,,,,,,,,,,,,,,,,,,,,,,,,,,,
,,6.0,,,,,,,,55.0,,,,,,,,,,,,,,,,,,,,,,,,,,,,,,,,
,,17.0,,,,,,,,128.0,,,,,,,,,,,,,,,,,,,,,,,,,,,,,,,,
,,17.0,,,,,,,,128.0,,,,,,,,,,,,,,,,,,,,,,,,,,,,,,,,
,,6.0,,,,,,,,128.0,,,,,,,,,,,,,,,,,,,,,,,,,,,,,,,,
,,6.0,,,,,,,,55.0,,,,,,,,,,,,,,,,,,,,,,,,,,,,,,,,
,,6.0,,,,,,,,55.0,,,,,,,,,,,,,,,,,,,,,,,,,,,,,,,,
,,6.0,,,,,,,,55.0,,,,,,,,,,,,,,,,,,,,,,,,,,,,,,,,
,,6.0,,,,,,,,55.0,,,,,,,,,,,,,,,,,,,,,,,,,,,,,,,,
,,6.0,,,,,,,,128.0,,,,,,,,,,,,,,,,,,,,,,,,,,,,,,,,
,,6.0,,,,,,,,128.0,,,,,,,,,,,,,,,,,,,,,,,,,,,,,,,,
,,6.0,,,,,,,,55.0,,,,,,,,,,,,,,,,,,,,,,,,,,,,,,,,
,,17.0,,,,,,,,1.0,,,,,,,,,,,,,,,,,,,,,,,,,,,,,,,,
,,6.0,,,,,,,,51.0,,,,,,,,,,,,,,,,,,,,,,,,,,,,,,,,
,,6.0,,,,,,,,128.0,,,,,,,,,,,,,,,,,,,,,,,,,,,,,,,,
,,6,,,,,,,,128,,,,,,,,,,,,,,,,,,,,,,,,,,,,,,,,
,,6,,,,,,,,240,,,,,,,,,,,,,,,,,,,,,,,,,,,,,,,,
,,6,,,,,,,,55,,,,,,,,,,,,,,,,,,,,,,,,,,,,,,,,
,,6,,,,,,,,128,,,,,,,,,,,,,,,,,,,,,,,,,,,,,,,,
,,6,,,,,,,,55,,,,,,,,,,,,,,,,,,,,,,,,,,,,,,,,
,,6,,,,,,,,128,,,,,,,,,,,,,,,,,,,,,,,,,,,,,,,,
,,17,,,,,,,,1,,,,,,,,,,,,,,,,,,,,,,,,,,,,,,,,
,,17,,,,,,,,64,,,,,,,,,,,,,,,,,,,,,,,,,,,,,,,,
,,6,,,,,,,,128,,,,,,,,,,,,,,,,,,,,,,,,,,,,,,,,
,,6,,,,,,,,128,,,,,,,,,,,,,,,,,,,,,,,,,,,,,,,,
,,6,,,,,,,,128,,,,,,,,,,,,,,,,,,,,,,,,,,,,,,,,
,,6,,,,,,,,128,,,,,,,,,,,,,,,,,,,,,,,,,,,,,,,,
,,6,,,,,,,,55,,,,,,,,,,,,,,,,,,,,,,,,,,,,,,,,
,,6,,,,,,,,113,,,,,,,,,,,,,,,,,,,,,,,,,,,,,,,,
,,6,,,,,,,,111,,,,,,,,,,,,,,,,,,,,,,,,,,,,,,,,
,,6,,,,,,,,128,,,,,,,,,,,,,,,,,,,,,,,,,,,,,,,,
,,6,,,,,,,,128,,,,,,,,,,,,,,,,,,,,,,,,,,,,,,,,
,,6,,,,,,,,113,,,,,,,,,,,,,,,,,,,,,,,,,,,,,,,,
,,6,,,,,,,,55,,,,,,,,,,,,,,,,,,,,,,,,,,,,,,,,
,,6,,,,,,,,55,,,,,,,,,,,,,,,,,,,,,,,,,,,,,,,,
,,6,,,,,,,,128,,,,,,,,,,,,,,,,,,,,,,,,,,,,,,,,
,,6,,,,,,,,128,,,,,,,,,,,,,,,,,,,,,,,,,,,,,,,,
,,6,,,,,,,,55,,,,,,,,,,,,,,,,,,,,,,,,,,,,,,,,
,,6,,,,,,,,128,,,,,,,,,,,,,,,,,,,,,,,,,,,,,,,,
,,6,,,,,,,,111,,,,,,,,,,,,,,,,,,,,,,,,,,,,,,,,
,,6,,,,,,,,111,,,,,,,,,,,,,,,,,,,,,,,,,,,,,,,,
,,6,,,,,,,,128,,,,,,,,,,,,,,,,,,,,,,,,,,,,,,,,
,,6,,,,,,,,111,,,,,,,,,,,,,,,,,,,,,,,,,,,,,,,,
,,6,,,,,,,,111,,,,,,,,,,,,,,,,,,,,,,,,,,,,,,,,
,,6,,,,,,,,111,,,,,,,,,,,,,,,,,,,,,,,,,,,,,,,,
,,6,,,,,,,,111,,,,,,,,,,,,,,,,,,,,,,,,,,,,,,,,
,,6,,,,,,,,128,,,,,,,,,,,,,,,,,,,,,,,,,,,,,,,,
,,6,,,,,,,,128,,,,,,,,,,,,,,,,,,,,,,,,,,,,,,,,
,,6,,,,,,,,111,,,,,,,,,,,,,,,,,,,,,,,,,,,,,,,,
,,6,,,,,,,,111,,,,,,,,,,,,,,,,,,,,,,,,,,,,,,,,
,,17,,,,,,,,128,,,,,,,,,,,,,,,,,,,,,,,,,,,,,,,,
,,6,,,,,,,,111,,,,,,,,,,,,,,,,,,,,,,,,,,,,,,,,
,,6,,,,,,,,128,,,,,,,,,,,,,,,,,,,,,,,,,,,,,,,,
,,17,,,,,,,,128,,,,,,,,,,,,,,,,,,,,,,,,,,,,,,,,
,,17,,,,,,,,128,,,,,,,,,,,,,,,,,,,,,,,,,,,,,,,,
,,17,,,,,,,,57,,,,,,,,,,,,,,,,,,,,,,,,,,,,,,,,
,,6,,,,,,,,111,,,,,,,,,,,,,,,,,,,,,,,,,,,,,,,,
,,6,,,,,,,,128,,,,,,,,,,,,,,,,,,,,,,,,,,,,,,,,
,,6,,,,,,,,128,,,,,,,,,,,,,,,,,,,,,,,,,,,,,,,,
,,6,,,,,,,,128,,,,,,,,,,,,,,,,,,,,,,,,,,,,,,,,
,,6,,,,,,,,111,,,,,,,,,,,,,,,,,,,,,,,,,,,,,,,,
,,6,,,,,,,,55,,,,,,,,,,,,,,,,,,,,,,,,,,,,,,,,
,,6,,,,,,,,128,,,,,,,,,,,,,,,,,,,,,,,,,,,,,,,,
,,6,,,,,,,,55,,,,,,,,,,,,,,,,,,,,,,,,,,,,,,,,
,,6,,,,,,,,128,,,,,,,,,,,,,,,,,,,,,,,,,,,,,,,,
,,6,,,,,,,,55,,,,,,,,,,,,,,,,,,,,,,,,,,,,,,,,
,,6,,,,,,,,55,,,,,,,,,,,,,,,,,,,,,,,,,,,,,,,,
,,6,,,,,,,,55,,,,,,,,,,,,,,,,,,,,,,,,,,,,,,,,
,,6,,,,,,,,128,,,,,,,,,,,,,,,,,,,,,,,,,,,,,,,,
,,6,,,,,,,,55,,,,,,,,,,,,,,,,,,,,,,,,,,,,,,,,
,,6,,,,,,,,55,,,,,,,,,,,,,,,,,,,,,,,,,,,,,,,,
,,6,,,,,,,,55,,,,,,,,,,,,,,,,,,,,,,,,,,,,,,,,
,,6,,,,,,,,55,,,,,,,,,,,,,,,,,,,,,,,,,,,,,,,,
,,6,,,,,,,,128,,,,,,,,,,,,,,,,,,,,,,,,,,,,,,,,
,,6,,,,,,,,128,,,,,,,,,,,,,,,,,,,,,,,,,,,,,,,,
,,17,,,,,,,,1,,,,,,,,,,,,,,,,,,,,,,,,,,,,,,,,
,,6,,,,,,,,55,,,,,,,,,,,,,,,,,,,,,,,,,,,,,,,,
,,17,,,,,,,,1,,,,,,,,,,,,,,,,,,,,,,,,,,,,,,,,
,,17,,,,,,,,64,,,,,,,,,,,,,,,,,,,,,,,,,,,,,,,,
,,17,,,,,,,,64,,,,,,,,,,,,,,,,,,,,,,,,,,,,,,,,
,,17,,,,,,,,64,,,,,,,,,,,,,,,,,,,,,,,,,,,,,,,,
,,17,,,,,,,,64,,,,,,,,,,,,,,,,,,,,,,,,,,,,,,,,
,,17,,,,,,,,64,,,,,,,,,,,,,,,,,,,,,,,,,,,,,,,,
,,17,,,,,,,,57,,,,,,,,,,,,,,,,,,,,,,,,,,,,,,,,
,,17,,,,,,,,128,,,,,,,,,,,,,,,,,,,,,,,,,,,,,,,,
,,6,,,,,,,,49,,,,,,,,,,,,,,,,,,,,,,,,,,,,,,,,
,,6,,,,,,,,128,,,,,,,,,,,,,,,,,,,,,,,,,,,,,,,,
,,17,,,,,,,,64,,,,,,,,,,,,,,,,,,,,,,,,,,,,,,,,
,,6,,,,,,,,55,,,,,,,,,,,,,,,,,,,,,,,,,,,,,,,,
,,6,,,,,,,,128,,,,,,,,,,,,,,,,,,,,,,,,,,,,,,,,
,,6,,,,,,,,55,,,,,,,,,,,,,,,,,,,,,,,,,,,,,,,,
,,17,,,,,,,,64,,,,,,,,,,,,,,,,,,,,,,,,,,,,,,,,
,,17,,,,,,,,64,,,,,,,,,,,,,,,,,,,,,,,,,,,,,,,,
,,6,,,,,,,,55,,,,,,,,,,,,,,,,,,,,,,,,,,,,,,,,
,,6,,,,,,,,128,,,,,,,,,,,,,,,,,,,,,,,,,,,,,,,,
,,6,,,,,,,,55,,,,,,,,,,,,,,,,,,,,,,,,,,,,,,,,
,,17,,,,,,,,64,,,,,,,,,,,,,,,,,,,,,,,,,,,,,,,,
,,6,,,,,,,,128,,,,,,,,,,,,,,,,,,,,,,,,,,,,,,,,
,,6,,,,,,,,55,,,,,,,,,,,,,,,,,,,,,,,,,,,,,,,,
,,6,,,,,,,,55,,,,,,,,,,,,,,,,,,,,,,,,,,,,,,,,
,,6,,,,,,,,128,,,,,,,,,,,,,,,,,,,,,,,,,,,,,,,,
,,6,,,,,,,,55,,,,,,,,,,,,,,,,,,,,,,,,,,,,,,,,
,,6,,,,,,,,55,,,,,,,,,,,,,,,,,,,,,,,,,,,,,,,,
,,6,,,,,,,,55,,,,,,,,,,,,,,,,,,,,,,,,,,,,,,,,
,,6,,,,,,,,128,,,,,,,,,,,,,,,,,,,,,,,,,,,,,,,,
,,6,,,,,,,,128,,,,,,,,,,,,,,,,,,,,,,,,,,,,,,,,
,,6,,,,,,,,55,,,,,,,,,,,,,,,,,,,,,,,,,,,,,,,,
,,17,,,,,,,,64,,,,,,,,,,,,,,,,,,,,,,,,,,,,,,,,
,,17,,,,,,,,64,,,,,,,,,,,,,,,,,,,,,,,,,,,,,,,,
,,6,,,,,,,,112,,,,,,,,,,,,,,,,,,,,,,,,,,,,,,,,
,,6,,,,,,,,112,,,,,,,,,,,,,,,,,,,,,,,,,,,,,,,,
,,6,,,,,,,,128,,,,,,,,,,,,,,,,,,,,,,,,,,,,,,,,
,,17,,,,,,,,64,,,,,,,,,,,,,,,,,,,,,,,,,,,,,,,,
,,17,,,,,,,,1,,,,,,,,,,,,,,,,,,,,,,,,,,,,,,,,
,,17,,,,,,,,128,,,,,,,,,,,,,,,,,,,,,,,,,,,,,,,,
,,6,,,,,,,,128,,,,,,,,,,,,,,,,,,,,,,,,,,,,,,,,
,,6,,,,,,,,128,,,,,,,,,,,,,,,,,,,,,,,,,,,,,,,,
,,17,,,,,,,,128,,,,,,,,,,,,,,,,,,,,,,,,,,,,,,,,
,,17,,,,,,,,56,,,,,,,,,,,,,,,,,,,,,,,,,,,,,,,,
,,6,,,,,,,,128,,,,,,,,,,,,,,,,,,,,,,,,,,,,,,,,
,,17,,,,,,,,1,,,,,,,,,,,,,,,,,,,,,,,,,,,,,,,,
,,6,,,,,,,,113,,,,,,,,,,,,,,,,,,,,,,,,,,,,,,,,
,,6,,,,,,,,113,,,,,,,,,,,,,,,,,,,,,,,,,,,,,,,,
,,6,,,,,,,,113,,,,,,,,,,,,,,,,,,,,,,,,,,,,,,,,
,,6,,,,,,,,107,,,,,,,,,,,,,,,,,,,,,,,,,,,,,,,,
,,6,,,,,,,,128,,,,,,,,,,,,,,,,,,,,,,,,,,,,,,,,
,,6,,,,,,,,128,,,,,,,,,,,,,,,,,,,,,,,,,,,,,,,,
,,6,,,,,,,,128,,,,,,,,,,,,,,,,,,,,,,,,,,,,,,,,
,,17,,,,,,,,128,,,,,,,,,,,,,,,,,,,,,,,,,,,,,,,,
,,17,,,,,,,,57,,,,,,,,,,,,,,,,,,,,,,,,,,,,,,,,
,,6,,,,,,,,107,,,,,,,,,,,,,,,,,,,,,,,,,,,,,,,,
,,6,,,,,,,,128,,,,,,,,,,,,,,,,,,,,,,,,,,,,,,,,
,,17,,,,,,,,255,,,,,,,,,,,,,,,,,,,,,,,,,,,,,,,,
,,6,,,,,,,,128,,,,,,,,,,,,,,,,,,,,,,,,,,,,,,,,
,,6,,,,,,,,128,,,,,,,,,,,,,,,,,,,,,,,,,,,,,,,,
,,6,,,,,,,,128,,,,,,,,,,,,,,,,,,,,,,,,,,,,,,,,
,,6,,,,,,,,55,,,,,,,,,,,,,,,,,,,,,,,,,,,,,,,,
,,6,,,,,,,,55,,,,,,,,,,,,,,,,,,,,,,,,,,,,,,,,
,,6,,,,,,,,107,,,,,,,,,,,,,,,,,,,,,,,,,,,,,,,,
,,6,,,,,,,,107,,,,,,,,,,,,,,,,,,,,,,,,,,,,,,,,
,,6,,,,,,,,107,,,,,,,,,,,,,,,,,,,,,,,,,,,,,,,,
,,6,,,,,,,,128,,,,,,,,,,,,,,,,,,,,,,,,,,,,,,,,
,,6,,,,,,,,107,,,,,,,,,,,,,,,,,,,,,,,,,,,,,,,,
,,6,,,,,,,,128,,,,,,,,,,,,,,,,,,,,,,,,,,,,,,,,
,,6,,,,,,,,128,,,,,,,,,,,,,,,,,,,,,,,,,,,,,,,,
,,6,,,,,,,,55,,,,,,,,,,,,,,,,,,,,,,,,,,,,,,,,
,,6,,,,,,,,55,,,,,,,,,,,,,,,,,,,,,,,,,,,,,,,,
,,6,,,,,,,,128,,,,,,,,,,,,,,,,,,,,,,,,,,,,,,,,
,,6,,,,,,,,55,,,,,,,,,,,,,,,,,,,,,,,,,,,,,,,,
,,6,,,,,,,,128,,,,,,,,,,,,,,,,,,,,,,,,,,,,,,,,
,,6,,,,,,,,128,,,,,,,,,,,,,,,,,,,,,,,,,,,,,,,,
,,6,,,,,,,,247,,,,,,,,,,,,,,,,,,,,,,,,,,,,,,,,
,,6,,,,,,,,247,,,,,,,,,,,,,,,,,,,,,,,,,,,,,,,,
,,6,,,,,,,,55,,,,,,,,,,,,,,,,,,,,,,,,,,,,,,,,
,,6,,,,,,,,128,,,,,,,,,,,,,,,,,,,,,,,,,,,,,,,,
,,6,,,,,,,,240,,,,,,,,,,,,,,,,,,,,,,,,,,,,,,,,
,,6,,,,,,,,128,,,,,,,,,,,,,,,,,,,,,,,,,,,,,,,,
,,6,,,,,,,,107,,,,,,,,,,,,,,,,,,,,,,,,,,,,,,,,
,,6,,,,,,,,107,,,,,,,,,,,,,,,,,,,,,,,,,,,,,,,,
,,6,,,,,,,,107,,,,,,,,,,,,,,,,,,,,,,,,,,,,,,,,
,,6,,,,,,,,107,,,,,,,,,,,,,,,,,,,,,,,,,,,,,,,,
,,6,,,,,,,,128,,,,,,,,,,,,,,,,,,,,,,,,,,,,,,,,
,,6,,,,,,,,128,,,,,,,,,,,,,,,,,,,,,,,,,,,,,,,,
,,6,,,,,,,,128,,,,,,,,,,,,,,,,,,,,,,,,,,,,,,,,
,,2,,,,,,,,1,,,,,,,,,,,,,,,,,,,,,,,,,,,,,,,,
,,17,,,,,,,,255,,,,,,,,,,,,,,,,,,,,,,,,,,,,,,,,
,,6,,,,,,,,240,,,,,,,,,,,,,,,,,,,,,,,,,,,,,,,,
,,2,,,,,,,,1,,,,,,,,,,,,,,,,,,,,,,,,,,,,,,,,
,,6,,,,,,,,107,,,,,,,,,,,,,,,,,,,,,,,,,,,,,,,,
,,17,,,,,,,,255,,,,,,,,,,,,,,,,,,,,,,,,,,,,,,,,
,,2,,,,,,,,1,,,,,,,,,,,,,,,,,,,,,,,,,,,,,,,,
,,2,,,,,,,,1,,,,,,,,,,,,,,,,,,,,,,,,,,,,,,,,
,,2,,,,,,,,1,,,,,,,,,,,,,,,,,,,,,,,,,,,,,,,,
,,2,,,,,,,,1,,,,,,,,,,,,,,,,,,,,,,,,,,,,,,,,
,,17,,,,,,,,255,,,,,,,,,,,,,,,,,,,,,,,,,,,,,,,,
,,17,,,,,,,,255,,,,,,,,,,,,,,,,,,,,,,,,,,,,,,,,
,,17,,,,,,,,255,,,,,,,,,,,,,,,,,,,,,,,,,,,,,,,,
,,6,,,,,,,,128,,,,,,,,,,,,,,,,,,,,,,,,,,,,,,,,
,,6,,,,,,,,240,,,,,,,,,,,,,,,,,,,,,,,,,,,,,,,,
,,6,,,,,,,,240,,,,,,,,,,,,,,,,,,,,,,,,,,,,,,,,
,,6,,,,,,,,55,,,,,,,,,,,,,,,,,,,,,,,,,,,,,,,,
,,6,,,,,,,,128,,,,,,,,,,,,,,,,,,,,,,,,,,,,,,,,
,,6,,,,,,,,55,,,,,,,,,,,,,,,,,,,,,,,,,,,,,,,,
,,6,,,,,,,,128,,,,,,,,,,,,,,,,,,,,,,,,,,,,,,,,
,,17,,,,,,,,255,,,,,,,,,,,,,,,,,,,,,,,,,,,,,,,,
,,17,,,,,,,,255,,,,,,,,,,,,,,,,,,,,,,,,,,,,,,,,
,,17,,,,,,,,64,,,,,,,,,,,,,,,,,,,,,,,,,,,,,,,,
,,6,,,,,,,,128,,,,,,,,,,,,,,,,,,,,,,,,,,,,,,,,
,,6,,,,,,,,55,,,,,,,,,,,,,,,,,,,,,,,,,,,,,,,,
,,6,,,,,,,,55,,,,,,,,,,,,,,,,,,,,,,,,,,,,,,,,
,,6,,,,,,,,55,,,,,,,,,,,,,,,,,,,,,,,,,,,,,,,,
,,6,,,,,,,,128,,,,,,,,,,,,,,,,,,,,,,,,,,,,,,,,
,,6,,,,,,,,128,,,,,,,,,,,,,,,,,,,,,,,,,,,,,,,,
,,6,,,,,,,,55,,,,,,,,,,,,,,,,,,,,,,,,,,,,,,,,
,,17,,,,,,,,1,,,,,,,,,,,,,,,,,,,,,,,,,,,,,,,,
,,6,,,,,,,,128,,,,,,,,,,,,,,,,,,,,,,,,,,,,,,,,
,,6,,,,,,,,55,,,,,,,,,,,,,,,,,,,,,,,,,,,,,,,,
,,6,,,,,,,,55,,,,,,,,,,,,,,,,,,,,,,,,,,,,,,,,
,,6,,,,,,,,55,,,,,,,,,,,,,,,,,,,,,,,,,,,,,,,,
,,6,,,,,,,,55,,,,,,,,,,,,,,,,,,,,,,,,,,,,,,,,
,,6,,,,,,,,55,,,,,,,,,,,,,,,,,,,,,,,,,,,,,,,,
,,6,,,,,,,,128,,,,,,,,,,,,,,,,,,,,,,,,,,,,,,,,
,,17,,,,,,,,255,,,,,,,,,,,,,,,,,,,,,,,,,,,,,,,,
,,17,,,,,,,,255,,,,,,,,,,,,,,,,,,,,,,,,,,,,,,,,
,,17,,,,,,,,255,,,,,,,,,,,,,,,,,,,,,,,,,,,,,,,,
,,17,,,,,,,,255,,,,,,,,,,,,,,,,,,,,,,,,,,,,,,,,
,,17,,,,,,,,255,,,,,,,,,,,,,,,,,,,,,,,,,,,,,,,,
,,17,,,,,,,,255,,,,,,,,,,,,,,,,,,,,,,,,,,,,,,,,
,,17,,,,,,,,255,,,,,,,,,,,,,,,,,,,,,,,,,,,,,,,,
,,17,,,,,,,,128,,,,,,,,,,,,,,,,,,,,,,,,,,,,,,,,
,,17,,,,,,,,255,,,,,,,,,,,,,,,,,,,,,,,,,,,,,,,,
,,17,,,,,,,,128,,,,,,,,,,,,,,,,,,,,,,,,,,,,,,,,
,,6,,,,,,,,55,,,,,,,,,,,,,,,,,,,,,,,,,,,,,,,,
,,6,,,,,,,,128,,,,,,,,,,,,,,,,,,,,,,,,,,,,,,,,
,,6,,,,,,,,55,,,,,,,,,,,,,,,,,,,,,,,,,,,,,,,,
,,6,,,,,,,,55,,,,,,,,,,,,,,,,,,,,,,,,,,,,,,,,
,,6,,,,,,,,55,,,,,,,,,,,,,,,,,,,,,,,,,,,,,,,,
,,6,,,,,,,,55,,,,,,,,,,,,,,,,,,,,,,,,,,,,,,,,
,,6,,,,,,,,55,,,,,,,,,,,,,,,,,,,,,,,,,,,,,,,,
,,6,,,,,,,,55,,,,,,,,,,,,,,,,,,,,,,,,,,,,,,,,
,,6,,,,,,,,55,,,,,,,,,,,,,,,,,,,,,,,,,,,,,,,,
,,6,,,,,,,,55,,,,,,,,,,,,,,,,,,,,,,,,,,,,,,,,
,,6,,,,,,,,55,,,,,,,,,,,,,,,,,,,,,,,,,,,,,,,,
,,6,,,,,,,,128,,,,,,,,,,,,,,,,,,,,,,,,,,,,,,,,
,,6,,,,,,,,55,,,,,,,,,,,,,,,,,,,,,,,,,,,,,,,,
,,6,,,,,,,,55,,,,,,,,,,,,,,,,,,,,,,,,,,,,,,,,
,,6,,,,,,,,55,,,,,,,,,,,,,,,,,,,,,,,,,,,,,,,,
,,6,,,,,,,,55,,,,,,,,,,,,,,,,,,,,,,,,,,,,,,,,
,,6,,,,,,,,55,,,,,,,,,,,,,,,,,,,,,,,,,,,,,,,,
,,6,,,,,,,,55,,,,,,,,,,,,,,,,,,,,,,,,,,,,,,,,
,,6,,,,,,,,55,,,,,,,,,,,,,,,,,,,,,,,,,,,,,,,,
,,6,,,,,,,,55,,,,,,,,,,,,,,,,,,,,,,,,,,,,,,,,
,,6,,,,,,,,128,,,,,,,,,,,,,,,,,,,,,,,,,,,,,,,,
,,6,,,,,,,,55,,,,,,,,,,,,,,,,,,,,,,,,,,,,,,,,
,,6,,,,,,,,55,,,,,,,,,,,,,,,,,,,,,,,,,,,,,,,,
,,6,,,,,,,,55,,,,,,,,,,,,,,,,,,,,,,,,,,,,,,,,
,,6,,,,,,,,55,,,,,,,,,,,,,,,,,,,,,,,,,,,,,,,,
,,6,,,,,,,,55,,,,,,,,,,,,,,,,,,,,,,,,,,,,,,,,
,,6,,,,,,,,55,,,,,,,,,,,,,,,,,,,,,,,,,,,,,,,,
,,6,,,,,,,,55,,,,,,,,,,,,,,,,,,,,,,,,,,,,,,,,
,,6,,,,,,,,55,,,,,,,,,,,,,,,,,,,,,,,,,,,,,,,,
,,6,,,,,,,,55,,,,,,,,,,,,,,,,,,,,,,,,,,,,,,,,
,,6,,,,,,,,128,,,,,,,,,,,,,,,,,,,,,,,,,,,,,,,,
,,6,,,,,,,,55,,,,,,,,,,,,,,,,,,,,,,,,,,,,,,,,
,,6,,,,,,,,55,,,,,,,,,,,,,,,,,,,,,,,,,,,,,,,,
,,6,,,,,,,,55,,,,,,,,,,,,,,,,,,,,,,,,,,,,,,,,
,,6,,,,,,,,55,,,,,,,,,,,,,,,,,,,,,,,,,,,,,,,,
,,6,,,,,,,,55,,,,,,,,,,,,,,,,,,,,,,,,,,,,,,,,
,,6,,,,,,,,128,,,,,,,,,,,,,,,,,,,,,,,,,,,,,,,,
,,6,,,,,,,,55,,,,,,,,,,,,,,,,,,,,,,,,,,,,,,,,
,,6,,,,,,,,55,,,,,,,,,,,,,,,,,,,,,,,,,,,,,,,,
,,6,,,,,,,,55,,,,,,,,,,,,,,,,,,,,,,,,,,,,,,,,
,,6,,,,,,,,55,,,,,,,,,,,,,,,,,,,,,,,,,,,,,,,,
,,6,,,,,,,,128,,,,,,,,,,,,,,,,,,,,,,,,,,,,,,,,
,,6,,,,,,,,55,,,,,,,,,,,,,,,,,,,,,,,,,,,,,,,,
,,6,,,,,,,,55,,,,,,,,,,,,,,,,,,,,,,,,,,,,,,,,
,,6,,,,,,,,128,,,,,,,,,,,,,,,,,,,,,,,,,,,,,,,,
,,6,,,,,,,,55,,,,,,,,,,,,,,,,,,,,,,,,,,,,,,,,
,,6,,,,,,,,55,,,,,,,,,,,,,,,,,,,,,,,,,,,,,,,,
,,6,,,,,,,,55,,,,,,,,,,,,,,,,,,,,,,,,,,,,,,,,
,,6,,,,,,,,55,,,,,,,,,,,,,,,,,,,,,,,,,,,,,,,,
,,6,,,,,,,,55,,,,,,,,,,,,,,,,,,,,,,,,,,,,,,,,
,,6,,,,,,,,55,,,,,,,,,,,,,,,,,,,,,,,,,,,,,,,,
,,6,,,,,,,,55,,,,,,,,,,,,,,,,,,,,,,,,,,,,,,,,
,,6,,,,,,,,128,,,,,,,,,,,,,,,,,,,,,,,,,,,,,,,,
,,6,,,,,,,,55,,,,,,,,,,,,,,,,,,,,,,,,,,,,,,,,
,,6,,,,,,,,55,,,,,,,,,,,,,,,,,,,,,,,,,,,,,,,,
,,6,,,,,,,,55,,,,,,,,,,,,,,,,,,,,,,,,,,,,,,,,
,,6,,,,,,,,55,,,,,,,,,,,,,,,,,,,,,,,,,,,,,,,,
,,6,,,,,,,,55,,,,,,,,,,,,,,,,,,,,,,,,,,,,,,,,
,,6,,,,,,,,55,,,,,,,,,,,,,,,,,,,,,,,,,,,,,,,,
,,6,,,,,,,,55,,,,,,,,,,,,,,,,,,,,,,,,,,,,,,,,
,,6,,,,,,,,55,,,,,,,,,,,,,,,,,,,,,,,,,,,,,,,,
,,6,,,,,,,,128,,,,,,,,,,,,,,,,,,,,,,,,,,,,,,,,
,,6,,,,,,,,55,,,,,,,,,,,,,,,,,,,,,,,,,,,,,,,,
,,6,,,,,,,,55,,,,,,,,,,,,,,,,,,,,,,,,,,,,,,,,
,,6,,,,,,,,55,,,,,,,,,,,,,,,,,,,,,,,,,,,,,,,,
,,6,,,,,,,,55,,,,,,,,,,,,,,,,,,,,,,,,,,,,,,,,
,,6,,,,,,,,55,,,,,,,,,,,,,,,,,,,,,,,,,,,,,,,,
,,6,,,,,,,,55,,,,,,,,,,,,,,,,,,,,,,,,,,,,,,,,
,,6,,,,,,,,55,,,,,,,,,,,,,,,,,,,,,,,,,,,,,,,,
,,6,,,,,,,,55,,,,,,,,,,,,,,,,,,,,,,,,,,,,,,,,
,,6,,,,,,,,55,,,,,,,,,,,,,,,,,,,,,,,,,,,,,,,,
,,6,,,,,,,,128,,,,,,,,,,,,,,,,,,,,,,,,,,,,,,,,
,,6,,,,,,,,55,,,,,,,,,,,,,,,,,,,,,,,,,,,,,,,,
,,6,,,,,,,,55,,,,,,,,,,,,,,,,,,,,,,,,,,,,,,,,
,,6,,,,,,,,55,,,,,,,,,,,,,,,,,,,,,,,,,,,,,,,,
,,6,,,,,,,,55,,,,,,,,,,,,,,,,,,,,,,,,,,,,,,,,
,,6,,,,,,,,55,,,,,,,,,,,,,,,,,,,,,,,,,,,,,,,,
,,6,,,,,,,,55,,,,,,,,,,,,,,,,,,,,,,,,,,,,,,,,
,,6,,,,,,,,55,,,,,,,,,,,,,,,,,,,,,,,,,,,,,,,,
,,6,,,,,,,,55,,,,,,,,,,,,,,,,,,,,,,,,,,,,,,,,
,,6,,,,,,,,128,,,,,,,,,,,,,,,,,,,,,,,,,,,,,,,,
,,6,,,,,,,,55,,,,,,,,,,,,,,,,,,,,,,,,,,,,,,,,
,,6,,,,,,,,55,,,,,,,,,,,,,,,,,,,,,,,,,,,,,,,,
,,6,,,,,,,,55,,,,,,,,,,,,,,,,,,,,,,,,,,,,,,,,
,,6,,,,,,,,55,,,,,,,,,,,,,,,,,,,,,,,,,,,,,,,,
,,6,,,,,,,,55,,,,,,,,,,,,,,,,,,,,,,,,,,,,,,,,
,,6,,,,,,,,55,,,,,,,,,,,,,,,,,,,,,,,,,,,,,,,,
,,6,,,,,,,,55,,,,,,,,,,,,,,,,,,,,,,,,,,,,,,,,
,,6,,,,,,,,55,,,,,,,,,,,,,,,,,,,,,,,,,,,,,,,,
,,6,,,,,,,,128,,,,,,,,,,,,,,,,,,,,,,,,,,,,,,,,
,,6,,,,,,,,55,,,,,,,,,,,,,,,,,,,,,,,,,,,,,,,,
,,6,,,,,,,,55,,,,,,,,,,,,,,,,,,,,,,,,,,,,,,,,
,,6,,,,,,,,55,,,,,,,,,,,,,,,,,,,,,,,,,,,,,,,,
,,6,,,,,,,,55,,,,,,,,,,,,,,,,,,,,,,,,,,,,,,,,
,,6,,,,,,,,55,,,,,,,,,,,,,,,,,,,,,,,,,,,,,,,,
,,6,,,,,,,,55,,,,,,,,,,,,,,,,,,,,,,,,,,,,,,,,
,,6,,,,,,,,55,,,,,,,,,,,,,,,,,,,,,,,,,,,,,,,,
,,6,,,,,,,,55,,,,,,,,,,,,,,,,,,,,,,,,,,,,,,,,
,,6,,,,,,,,55,,,,,,,,,,,,,,,,,,,,,,,,,,,,,,,,
,,6,,,,,,,,55,,,,,,,,,,,,,,,,,,,,,,,,,,,,,,,,
,,6,,,,,,,,128,,,,,,,,,,,,,,,,,,,,,,,,,,,,,,,,
,,6,,,,,,,,55,,,,,,,,,,,,,,,,,,,,,,,,,,,,,,,,
,,6,,,,,,,,55,,,,,,,,,,,,,,,,,,,,,,,,,,,,,,,,
,,6,,,,,,,,55,,,,,,,,,,,,,,,,,,,,,,,,,,,,,,,,
,,6,,,,,,,,128,,,,,,,,,,,,,,,,,,,,,,,,,,,,,,,,
,,6,,,,,,,,55,,,,,,,,,,,,,,,,,,,,,,,,,,,,,,,,
,,6,,,,,,,,55,,,,,,,,,,,,,,,,,,,,,,,,,,,,,,,,
,,6,,,,,,,,128,,,,,,,,,,,,,,,,,,,,,,,,,,,,,,,,
,,6,,,,,,,,55,,,,,,,,,,,,,,,,,,,,,,,,,,,,,,,,
,,6,,,,,,,,128,,,,,,,,,,,,,,,,,,,,,,,,,,,,,,,,
,,6,,,,,,,,240,,,,,,,,,,,,,,,,,,,,,,,,,,,,,,,,
,,6,,,,,,,,240,,,,,,,,,,,,,,,,,,,,,,,,,,,,,,,,
,,6,,,,,,,,128,,,,,,,,,,,,,,,,,,,,,,,,,,,,,,,,
,,6,,,,,,,,55,,,,,,,,,,,,,,,,,,,,,,,,,,,,,,,,
,,6,,,,,,,,128,,,,,,,,,,,,,,,,,,,,,,,,,,,,,,,,
,,6,,,,,,,,55,,,,,,,,,,,,,,,,,,,,,,,,,,,,,,,,
,,17,,,,,,,,1,,,,,,,,,,,,,,,,,,,,,,,,,,,,,,,,
,,6,,,,,,,,55,,,,,,,,,,,,,,,,,,,,,,,,,,,,,,,,
,,6,,,,,,,,128,,,,,,,,,,,,,,,,,,,,,,,,,,,,,,,,
,,6,,,,,,,,55,,,,,,,,,,,,,,,,,,,,,,,,,,,,,,,,
,,17,,,,,,,,128,,,,,,,,,,,,,,,,,,,,,,,,,,,,,,,,
,,17,,,,,,,,128,,,,,,,,,,,,,,,,,,,,,,,,,,,,,,,,
,,17,,,,,,,,64,,,,,,,,,,,,,,,,,,,,,,,,,,,,,,,,
,,6,,,,,,,,49,,,,,,,,,,,,,,,,,,,,,,,,,,,,,,,,
,,6,,,,,,,,47,,,,,,,,,,,,,,,,,,,,,,,,,,,,,,,,
,,6,,,,,,,,128,,,,,,,,,,,,,,,,,,,,,,,,,,,,,,,,
,,6,,,,,,,,128,,,,,,,,,,,,,,,,,,,,,,,,,,,,,,,,
,,17,,,,,,,,1,,,,,,,,,,,,,,,,,,,,,,,,,,,,,,,,
,,17,,,,,,,,1,,,,,,,,,,,,,,,,,,,,,,,,,,,,,,,,
,,17,,,,,,,,64,,,,,,,,,,,,,,,,,,,,,,,,,,,,,,,,
,,17,,,,,,,,64,,,,,,,,,,,,,,,,,,,,,,,,,,,,,,,,
,,17,,,,,,,,64,,,,,,,,,,,,,,,,,,,,,,,,,,,,,,,,
,,17,,,,,,,,64,,,,,,,,,,,,,,,,,,,,,,,,,,,,,,,,
,,17,,,,,,,,64,,,,,,,,,,,,,,,,,,,,,,,,,,,,,,,,
,,17,,,,,,,,64,,,,,,,,,,,,,,,,,,,,,,,,,,,,,,,,
,,17,,,,,,,,64,,,,,,,,,,,,,,,,,,,,,,,,,,,,,,,,
,,17,,,,,,,,64,,,,,,,,,,,,,,,,,,,,,,,,,,,,,,,,
,,17,,,,,,,,64,,,,,,,,,,,,,,,,,,,,,,,,,,,,,,,,
,,17,,,,,,,,64,,,,,,,,,,,,,,,,,,,,,,,,,,,,,,,,
,,17,,,,,,,,64,,,,,,,,,,,,,,,,,,,,,,,,,,,,,,,,
,,17,,,,,,,,64,,,,,,,,,,,,,,,,,,,,,,,,,,,,,,,,
,,6,,,,,,,,128,,,,,,,,,,,,,,,,,,,,,,,,,,,,,,,,
,,2,,,,,,,,1,,,,,,,,,,,,,,,,,,,,,,,,,,,,,,,,
,,6,,,,,,,,55,,,,,,,,,,,,,,,,,,,,,,,,,,,,,,,,
,,6,,,,,,,,128,,,,,,,,,,,,,,,,,,,,,,,,,,,,,,,,
,,2,,,,,,,,1,,,,,,,,,,,,,,,,,,,,,,,,,,,,,,,,
,,17,,,,,,,,1,,,,,,,,,,,,,,,,,,,,,,,,,,,,,,,,
,,6,,,,,,,,55,,,,,,,,,,,,,,,,,,,,,,,,,,,,,,,,
,,6,,,,,,,,128,,,,,,,,,,,,,,,,,,,,,,,,,,,,,,,,
,,2,,,,,,,,1,,,,,,,,,,,,,,,,,,,,,,,,,,,,,,,,
,,2,,,,,,,,1,,,,,,,,,,,,,,,,,,,,,,,,,,,,,,,,
,,2,,,,,,,,1,,,,,,,,,,,,,,,,,,,,,,,,,,,,,,,,
,,2,,,,,,,,1,,,,,,,,,,,,,,,,,,,,,,,,,,,,,,,,
,,17,,,,,,,,128,,,,,,,,,,,,,,,,,,,,,,,,,,,,,,,,
,,17,,,,,,,,56,,,,,,,,,,,,,,,,,,,,,,,,,,,,,,,,
,,6,,,,,,,,128,,,,,,,,,,,,,,,,,,,,,,,,,,,,,,,,
,,6,,,,,,,,245,,,,,,,,,,,,,,,,,,,,,,,,,,,,,,,,
,,6,,,,,,,,128,,,,,,,,,,,,,,,,,,,,,,,,,,,,,,,,
,,6,,,,,,,,128,,,,,,,,,,,,,,,,,,,,,,,,,,,,,,,,
,,6,,,,,,,,245,,,,,,,,,,,,,,,,,,,,,,,,,,,,,,,,
,,6,,,,,,,,245,,,,,,,,,,,,,,,,,,,,,,,,,,,,,,,,
,,6,,,,,,,,245,,,,,,,,,,,,,,,,,,,,,,,,,,,,,,,,
,,6,,,,,,,,245,,,,,,,,,,,,,,,,,,,,,,,,,,,,,,,,
,,6,,,,,,,,128,,,,,,,,,,,,,,,,,,,,,,,,,,,,,,,,
,,6,,,,,,,,128,,,,,,,,,,,,,,,,,,,,,,,,,,,,,,,,
,,6,,,,,,,,245,,,,,,,,,,,,,,,,,,,,,,,,,,,,,,,,
,,6,,,,,,,,245,,,,,,,,,,,,,,,,,,,,,,,,,,,,,,,,
,,6,,,,,,,,128,,,,,,,,,,,,,,,,,,,,,,,,,,,,,,,,
,,2,,,,,,,,1,,,,,,,,,,,,,,,,,,,,,,,,,,,,,,,,
,,6,,,,,,,,245,,,,,,,,,,,,,,,,,,,,,,,,,,,,,,,,
,,6,,,,,,,,245,,,,,,,,,,,,,,,,,,,,,,,,,,,,,,,,
,,6,,,,,,,,128,,,,,,,,,,,,,,,,,,,,,,,,,,,,,,,,
,,6,,,,,,,,245,,,,,,,,,,,,,,,,,,,,,,,,,,,,,,,,
,,6,,,,,,,,128,,,,,,,,,,,,,,,,,,,,,,,,,,,,,,,,
,,6,,,,,,,,245,,,,,,,,,,,,,,,,,,,,,,,,,,,,,,,,
,,6,,,,,,,,128,,,,,,,,,,,,,,,,,,,,,,,,,,,,,,,,
,,6,,,,,,,,128,,,,,,,,,,,,,,,,,,,,,,,,,,,,,,,,
,,6,,,,,,,,128,,,,,,,,,,,,,,,,,,,,,,,,,,,,,,,,
,,6,,,,,,,,128,,,,,,,,,,,,,,,,,,,,,,,,,,,,,,,,
,,6,,,,,,,,128,,,,,,,,,,,,,,,,,,,,,,,,,,,,,,,,
,,17,,,,,,,,128,,,,,,,,,,,,,,,,,,,,,,,,,,,,,,,,
,,17,,,,,,,,128,,,,,,,,,,,,,,,,,,,,,,,,,,,,,,,,
,,6,,,,,,,,128,,,,,,,,,,,,,,,,,,,,,,,,,,,,,,,,
,,6,,,,,,,,128,,,,,,,,,,,,,,,,,,,,,,,,,,,,,,,,
,,6,,,,,,,,128,,,,,,,,,,,,,,,,,,,,,,,,,,,,,,,,
,,6,,,,,,,,128,,,,,,,,,,,,,,,,,,,,,,,,,,,,,,,,
,,6,,,,,,,,128,,,,,,,,,,,,,,,,,,,,,,,,,,,,,,,,
,,6,,,,,,,,128,,,,,,,,,,,,,,,,,,,,,,,,,,,,,,,,
,,6,,,,,,,,128,,,,,,,,,,,,,,,,,,,,,,,,,,,,,,,,
,,6,,,,,,,,128,,,,,,,,,,,,,,,,,,,,,,,,,,,,,,,,
,,6,,,,,,,,55,,,,,,,,,,,,,,,,,,,,,,,,,,,,,,,,
,,6,,,,,,,,128,,,,,,,,,,,,,,,,,,,,,,,,,,,,,,,,
,,6,,,,,,,,55,,,,,,,,,,,,,,,,,,,,,,,,,,,,,,,,
,,6,,,,,,,,55,,,,,,,,,,,,,,,,,,,,,,,,,,,,,,,,
,,6,,,,,,,,55,,,,,,,,,,,,,,,,,,,,,,,,,,,,,,,,
,,6,,,,,,,,55,,,,,,,,,,,,,,,,,,,,,,,,,,,,,,,,
,,6,,,,,,,,55,,,,,,,,,,,,,,,,,,,,,,,,,,,,,,,,
,,17,,,,,,,,56,,,,,,,,,,,,,,,,,,,,,,,,,,,,,,,,
,,17,,,,,,,,56,,,,,,,,,,,,,,,,,,,,,,,,,,,,,,,,
,,6,,,,,,,,55,,,,,,,,,,,,,,,,,,,,,,,,,,,,,,,,
,,6,,,,,,,,128,,,,,,,,,,,,,,,,,,,,,,,,,,,,,,,,
,,6,,,,,,,,51,,,,,,,,,,,,,,,,,,,,,,,,,,,,,,,,
,,6,,,,,,,,128,,,,,,,,,,,,,,,,,,,,,,,,,,,,,,,,
,,17.0,,,,,,,,255.0,,,,,,,,,,,,,,,,,,,,,,,,,,,,,,,,
,,6.0,,,,,,,,128.0,,,,,,,,,,,,,,,,,,,,,,,,,,,,,,,,
,,6.0,,,,,,,,128.0,,,,,,,,,,,,,,,,,,,,,,,,,,,,,,,,
,,6.0,,,,,,,,110.0,,,,,,,,,,,,,,,,,,,,,,,,,,,,,,,,
,,6.0,,,,,,,,110.0,,,,,,,,,,,,,,,,,,,,,,,,,,,,,,,,
,,6.0,,,,,,,,128.0,,,,,,,,,,,,,,,,,,,,,,,,,,,,,,,,
,,6.0,,,,,,,,110.0,,,,,,,,,,,,,,,,,,,,,,,,,,,,,,,,
,,17.0,,,,,,,,1.0,,,,,,,,,,,,,,,,,,,,,,,,,,,,,,,,
,,17.0,,,,,,,,57.0,,,,,,,,,,,,,,,,,,,,,,,,,,,,,,,,
,,17.0,,,,,,,,128.0,,,,,,,,,,,,,,,,,,,,,,,,,,,,,,,,
,,6.0,,,,,,,,128.0,,,,,,,,,,,,,,,,,,,,,,,,,,,,,,,,
,,6.0,,,,,,,,55.0,,,,,,,,,,,,,,,,,,,,,,,,,,,,,,,,
,,6.0,,,,,,,,55.0,,,,,,,,,,,,,,,,,,,,,,,,,,,,,,,,
,,6.0,,,,,,,,55.0,,,,,,,,,,,,,,,,,,,,,,,,,,,,,,,,
,,6.0,,,,,,,,55.0,,,,,,,,,,,,,,,,,,,,,,,,,,,,,,,,
,,6.0,,,,,,,,55.0,,,,,,,,,,,,,,,,,,,,,,,,,,,,,,,,
,,6.0,,,,,,,,128.0,,,,,,,,,,,,,,,,,,,,,,,,,,,,,,,,
,,6.0,,,,,,,,55.0,,,,,,,,,,,,,,,,,,,,,,,,,,,,,,,,
,,6.0,,,,,,,,128.0,,,,,,,,,,,,,,,,,,,,,,,,,,,,,,,,
,,6.0,,,,,,,,55.0,,,,,,,,,,,,,,,,,,,,,,,,,,,,,,,,
,,17.0,,,,,,,,128.0,,,,,,,,,,,,,,,,,,,,,,,,,,,,,,,,
,,17.0,,,,,,,,128.0,,,,,,,,,,,,,,,,,,,,,,,,,,,,,,,,
,,17.0,,,,,,,,57.0,,,,,,,,,,,,,,,,,,,,,,,,,,,,,,,,
,,17.0,,,,,,,,128.0,,,,,,,,,,,,,,,,,,,,,,,,,,,,,,,,
,,17.0,,,,,,,,255.0,,,,,,,,,,,,,,,,,,,,,,,,,,,,,,,,
,,17.0,,,,,,,,1.0,,,,,,,,,,,,,,,,,,,,,,,,,,,,,,,,
,,,,,,,,,,,,,,,,,,,,,,,,,,,,,,,,,,,,,,,,,,
,,17.0,,,,,,,,64.0,,,,,,,,,,,,,,,,,,,,,,,,,,,,,,,,
,,17.0,,,,,,,,1.0,,,,,,,,,,,,,,,,,,,,,,,,,,,,,,,,
,,17.0,,,,,,,,255.0,,,,,,,,,,,,,,,,,,,,,,,,,,,,,,,,
,,,,,,,,,,,,,,,,,,,,,,,,,,,,,,,,,,,,,,,,,,
,,,,,,,,,,,,,,,,,,,,,,,,,,,,,,,,,,,,,,,,,,
,,17.0,,,,,,,,1.0,,,,,,,,,,,,,,,,,,,,,,,,,,,,,,,,
,,,,,,,,,,,,,,,,,,,,,,,,,,,,,,,,,,,,,,,,,,
,,6.0,,,,,,,,128.0,,,,,,,,,,,,,,,,,,,,,,,,,,,,,,,,
,,6.0,,,,,,,,128.0,,,,,,,,,,,,,,,,,,,,,,,,,,,,,,,,
,,6.0,,,,,,,,117.0,,,,,,,,,,,,,,,,,,,,,,,,,,,,,,,,
,,6.0,,,,,,,,128.0,,,,,,,,,,,,,,,,,,,,,,,,,,,,,,,,
,,6.0,,,,,,,,55.0,,,,,,,,,,,,,,,,,,,,,,,,,,,,,,,,
,,6.0,,,,,,,,55.0,,,,,,,,,,,,,,,,,,,,,,,,,,,,,,,,
,,6.0,,,,,,,,55.0,,,,,,,,,,,,,,,,,,,,,,,,,,,,,,,,
,,6.0,,,,,,,,55.0,,,,,,,,,,,,,,,,,,,,,,,,,,,,,,,,
,,6.0,,,,,,,,55.0,,,,,,,,,,,,,,,,,,,,,,,,,,,,,,,,
,,6.0,,,,,,,,128.0,,,,,,,,,,,,,,,,,,,,,,,,,,,,,,,,
,,6.0,,,,,,,,240.0,,,,,,,,,,,,,,,,,,,,,,,,,,,,,,,,
,,6.0,,,,,,,,240.0,,,,,,,,,,,,,,,,,,,,,,,,,,,,,,,,
,,17.0,,,,,,,,255.0,,,,,,,,,,,,,,,,,,,,,,,,,,,,,,,,
,,6.0,,,,,,,,128.0,,,,,,,,,,,,,,,,,,,,,,,,,,,,,,,,
,,17.0,,,,,,,,1.0,,,,,,,,,,,,,,,,,,,,,,,,,,,,,,,,
,,17.0,,,,,,,,128.0,,,,,,,,,,,,,,,,,,,,,,,,,,,,,,,,
,,17.0,,,,,,,,128.0,,,,,,,,,,,,,,,,,,,,,,,,,,,,,,,,
,,6.0,,,,,,,,49.0,,,,,,,,,,,,,,,,,,,,,,,,,,,,,,,,
,,6.0,,,,,,,,128.0,,,,,,,,,,,,,,,,,,,,,,,,,,,,,,,,
,,17.0,,,,,,,,1.0,,,,,,,,,,,,,,,,,,,,,,,,,,,,,,,,
,,17.0,,,,,,,,255.0,,,,,,,,,,,,,,,,,,,,,,,,,,,,,,,,
,,17.0,,,,,,,,1.0,,,,,,,,,,,,,,,,,,,,,,,,,,,,,,,,
,,17.0,,,,,,,,64.0,,,,,,,,,,,,,,,,,,,,,,,,,,,,,,,,
,,17.0,,,,,,,,64.0,,,,,,,,,,,,,,,,,,,,,,,,,,,,,,,,
,,17.0,,,,,,,,64.0,,,,,,,,,,,,,,,,,,,,,,,,,,,,,,,,
,,17.0,,,,,,,,64.0,,,,,,,,,,,,,,,,,,,,,,,,,,,,,,,,
,,17.0,,,,,,,,64.0,,,,,,,,,,,,,,,,,,,,,,,,,,,,,,,,
,,6.0,,,,,,,,128.0,,,,,,,,,,,,,,,,,,,,,,,,,,,,,,,,
,,6.0,,,,,,,,119.0,,,,,,,,,,,,,,,,,,,,,,,,,,,,,,,,
,,6.0,,,,,,,,119.0,,,,,,,,,,,,,,,,,,,,,,,,,,,,,,,,
,,6.0,,,,,,,,119.0,,,,,,,,,,,,,,,,,,,,,,,,,,,,,,,,
,,6.0,,,,,,,,128.0,,,,,,,,,,,,,,,,,,,,,,,,,,,,,,,,
,,6.0,,,,,,,,128.0,,,,,,,,,,,,,,,,,,,,,,,,,,,,,,,,
,,6.0,,,,,,,,119.0,,,,,,,,,,,,,,,,,,,,,,,,,,,,,,,,
,,17.0,,,,,,,,64.0,,,,,,,,,,,,,,,,,,,,,,,,,,,,,,,,
,,17.0,,,,,,,,128.0,,,,,,,,,,,,,,,,,,,,,,,,,,,,,,,,
,,17.0,,,,,,,,56.0,,,,,,,,,,,,,,,,,,,,,,,,,,,,,,,,
,,6.0,,,,,,,,128.0,,,,,,,,,,,,,,,,,,,,,,,,,,,,,,,,
,,6.0,,,,,,,,109.0,,,,,,,,,,,,,,,,,,,,,,,,,,,,,,,,
,,6.0,,,,,,,,128.0,,,,,,,,,,,,,,,,,,,,,,,,,,,,,,,,
,,6.0,,,,,,,,128.0,,,,,,,,,,,,,,,,,,,,,,,,,,,,,,,,
,,17.0,,,,,,,,64.0,,,,,,,,,,,,,,,,,,,,,,,,,,,,,,,,
,,6.0,,,,,,,,109.0,,,,,,,,,,,,,,,,,,,,,,,,,,,,,,,,
,,6.0,,,,,,,,109.0,,,,,,,,,,,,,,,,,,,,,,,,,,,,,,,,
,,6.0,,,,,,,,109.0,,,,,,,,,,,,,,,,,,,,,,,,,,,,,,,,
,,6.0,,,,,,,,128.0,,,,,,,,,,,,,,,,,,,,,,,,,,,,,,,,
,,6.0,,,,,,,,128.0,,,,,,,,,,,,,,,,,,,,,,,,,,,,,,,,
,,6.0,,,,,,,,119.0,,,,,,,,,,,,,,,,,,,,,,,,,,,,,,,,
,,17.0,,,,,,,,64.0,,,,,,,,,,,,,,,,,,,,,,,,,,,,,,,,
,,6.0,,,,,,,,109.0,,,,,,,,,,,,,,,,,,,,,,,,,,,,,,,,
,,6.0,,,,,,,,109.0,,,,,,,,,,,,,,,,,,,,,,,,,,,,,,,,
,,6.0,,,,,,,,128.0,,,,,,,,,,,,,,,,,,,,,,,,,,,,,,,,
,,6.0,,,,,,,,128.0,,,,,,,,,,,,,,,,,,,,,,,,,,,,,,,,
,,6.0,,,,,,,,128.0,,,,,,,,,,,,,,,,,,,,,,,,,,,,,,,,
,,6.0,,,,,,,,128.0,,,,,,,,,,,,,,,,,,,,,,,,,,,,,,,,
,,6.0,,,,,,,,128.0,,,,,,,,,,,,,,,,,,,,,,,,,,,,,,,,
,,6.0,,,,,,,,109.0,,,,,,,,,,,,,,,,,,,,,,,,,,,,,,,,
,,6.0,,,,,,,,109.0,,,,,,,,,,,,,,,,,,,,,,,,,,,,,,,,
,,6.0,,,,,,,,128.0,,,,,,,,,,,,,,,,,,,,,,,,,,,,,,,,
,,6.0,,,,,,,,109.0,,,,,,,,,,,,,,,,,,,,,,,,,,,,,,,,
,,6.0,,,,,,,,128.0,,,,,,,,,,,,,,,,,,,,,,,,,,,,,,,,
,,6.0,,,,,,,,109.0,,,,,,,,,,,,,,,,,,,,,,,,,,,,,,,,
,,6.0,,,,,,,,128.0,,,,,,,,,,,,,,,,,,,,,,,,,,,,,,,,
,,17.0,,,,,,,,64.0,,,,,,,,,,,,,,,,,,,,,,,,,,,,,,,,
,,6.0,,,,,,,,128.0,,,,,,,,,,,,,,,,,,,,,,,,,,,,,,,,
,,6.0,,,,,,,,108.0,,,,,,,,,,,,,,,,,,,,,,,,,,,,,,,,
